sepal_length,sepal_width,petal_length,petal_width,target
5.1,3.5,1.4,0.2,Iris-setosa
4.9,3,1.4,0.2,Iris-setosa
4.7,3.2,1.3,0.2,Iris-setosa
4.6,3.1,1.5,0.2,Iris-setosa
5,3.6,1.4,0.2,Iris-setosa
5.4,3.9,1.7,0.4,Iris-setosa
4.6,3.4,1.4,0.3,Iris-setosa
5,3.4,1.5,0.2,Iris-setosa
4.4,2.9,1.4,0.2,Iris-setosa
4.9,3.1,1.5,0.1,Iris-setosa
5.4,3.7,1.5,0.2,Iris-setosa
4.8,3.4,1.6,0.2,Iris-setosa
4.8,3,1.4,0.1,Iris-setosa
4.3,3,1.1,0.1,Iris-setosa
5.8,4,1.2,0.2,Iris-setosa
5.7,4.4,1.5,0.4,Iris-setosa
5.4,3.9,1.3,0.4,Iris-setosa
5.1,3.5,1.4,0.3,Iris-setosa
5.7,3.8,1.7,0.3,Iris-setosa
5.1,3.8,1.5,0.3,Iris-setosa
5.4,3.4,1.7,0.2,Iris-setosa
5.1,3.7,1.5,0.4,Iris-setosa
4.6,3.6,1,0.2,Iris-setosa
5.1,3.3,1.7,0.5,Iris-setosa
4.8,3.4,1.9,0.2,Iris-setosa
5,3,1.6,0.2,Iris-setosa
5,3.4,1.6,0.4,Iris-setosa
5.2,3.5,1.5,0.2,Iris-setosa
5.2,3.4,1.4,0.2,Iris-setosa
4.7,3.2,1.6,0.2,Iris-setosa
4.8,3.1,1.6,0.2,Iris-setosa
5.4,3.4,1.5,0.4,Iris-setosa
5.2,4.1,1.5,0.1,Iris-setosa
5.5,4.2,1.4,0.2,Iris-setosa
4.9,3.1,1.5,0.1,Iris-setosa
5,3.2,1.2,0.2,Iris-setosa
5.5,3.5,1.3,0.2,Iris-setosa
4.9,3.1,1.5,0.1,Iris-setosa
4.4,3,1.3,0.2,Iris-setosa
5.1,3.4,1.5,0.2,Iris-setosa
5,3.5,1.3,0.3,Iris-setosa
4.5,2.3,1.3,0.3,Iris-setosa
4.4,3.2,1.3,0.2,Iris-setosa
5,3.5,1.6,0.6,Iris-setosa
5.1,3.8,1.9,0.4,Iris-setosa
4.8,3,1.4,0.3,Iris-setosa
5.1,3.8,1.6,0.2,Iris-setosa
4.6,3.2,1.4,0.2,Iris-setosa
5.3,3.7,1.5,0.2,Iris-setosa
5,3.3,1.4,0.2,Iris-setosa
7,3.2,4.7,1.4,Iris-versicolor
6.4,3.2,4.5,1.5,Iris-versicolor
6.9,3.1,4.9,1.5,Iris-versicolor
5.5,2.3,4,1.3,Iris-versicolor
6.5,2.8,4.6,1.5,Iris-versicolor
5.7,2.8,4.5,1.3,Iris-versicolor
6.3,3.3,4.7,1.6,Iris-versicolor
4.9,2.4,3.3,1,Iris-versicolor
6.6,2.9,4.6,1.3,Iris-versicolor
5.2,2.7,3.9,1.4,Iris-versicolor
5,2,3.5,1,Iris-versicolor
5.9,3,4.2,1.5,Iris-versicolor
6,2.2,4,1,Iris-versicolor
6.1,2.9,4.7,1.4,Iris-versicolor
5.6,2.9,3.6,1.3,Iris-versicolor
6.7,3.1,4.4,1.4,Iris-versicolor
5.6,3,4.5,1.5,Iris-versicolor
5.8,2.7,4.1,1,Iris-versicolor
6.2,2.2,4.5,1.5,Iris-versicolor
5.6,2.5,3.9,1.1,Iris-versicolor
5.9,3.2,4.8,1.8,Iris-versicolor
6.1,2.8,4,1.3,Iris-versicolor
6.3,2.5,4.9,1.5,Iris-versicolor
6.1,2.8,4.7,1.2,Iris-versicolor
6.4,2.9,4.3,1.3,Iris-versicolor
6.6,3,4.4,1.4,Iris-versicolor
6.8,2.8,4.8,1.4,Iris-versicolor
6.7,3,5,1.7,Iris-versicolor
6,2.9,4.5,1.5,Iris-versicolor
5.7,2.6,3.5,1,Iris-versicolor
5.5,2.4,3.8,1.1,Iris-versicolor
5.5,2.4,3.7,1,Iris-versicolor
5.8,2.7,3.9,1.2,Iris-versicolor
6,2.7,5.1,1.6,Iris-versicolor
5.4,3,4.5,1.5,Iris-versicolor
6,3.4,4.5,1.6,Iris-versicolor
6.7,3.1,4.7,1.5,Iris-versicolor
6.3,2.3,4.4,1.3,Iris-versicolor
5.6,3,4.1,1.3,Iris-versicolor
5.5,2.5,4,1.3,Iris-versicolor
5.5,2.6,4.4,1.2,Iris-versicolor
6.1,3,4.6,1.4,Iris-versicolor
5.8,2.6,4,1.2,Iris-versicolor
5,2.3,3.3,1,Iris-versicolor
5.6,2.7,4.2,1.3,Iris-versicolor
5.7,3,4.2,1.2,Iris-versicolor
5.7,2.9,4.2,1.3,Iris-versicolor
6.2,2.9,4.3,1.3,Iris-versicolor
5.1,2.5,3,1.1,Iris-versicolor
5.7,2.8,4.1,1.3,Iris-versicolor
6.3,3.3,6,2.5,Iris-virginica
5.8,2.7,5.1,1.9,Iris-virginica
7.1,3,5.9,2.1,Iris-virginica
6.3,2.9,5.6,1.8,Iris-virginica
6.5,3,5.8,2.2,Iris-virginica
7.6,3,6.6,2.1,Iris-virginica
4.9,2.5,4.5,1.7,Iris-virginica
7.3,2.9,6.3,1.8,Iris-virginica
6.7,2.5,5.8,1.8,Iris-virginica
7.2,3.6,6.1,2.5,Iris-virginica
6.5,3.2,5.1,2,Iris-virginica
6.4,2.7,5.3,1.9,Iris-virginica
6.8,3,5.5,2.1,Iris-virginica
5.7,2.5,5,2,Iris-virginica
5.8,2.8,5.1,2.4,Iris-virginica
6.4,3.2,5.3,2.3,Iris-virginica
6.5,3,5.5,1.8,Iris-virginica
7.7,3.8,6.7,2.2,Iris-virginica
7.7,2.6,6.9,2.3,Iris-virginica
6,2.2,5,1.5,Iris-virginica
6.9,3.2,5.7,2.3,Iris-virginica
5.6,2.8,4.9,2,Iris-virginica
7.7,2.8,6.7,2,Iris-virginica
6.3,2.7,4.9,1.8,Iris-virginica
6.7,3.3,5.7,2.1,Iris-virginica
7.2,3.2,6,1.8,Iris-virginica
6.2,2.8,4.8,1.8,Iris-virginica
6.1,3,4.9,1.8,Iris-virginica
6.4,2.8,5.6,2.1,Iris-virginica
7.2,3,5.8,1.6,Iris-virginica
7.4,2.8,6.1,1.9,Iris-virginica
7.9,3.8,6.4,2,Iris-virginica
6.4,2.8,5.6,2.2,Iris-virginica
6.3,2.8,5.1,1.5,Iris-virginica
6.1,2.6,5.6,1.4,Iris-virginica
7.7,3,6.1,2.3,Iris-virginica
6.3,3.4,5.6,2.4,Iris-virginica
6.4,3.1,5.5,1.8,Iris-virginica
6,3,4.8,1.8,Iris-virginica
6.9,3.1,5.4,2.1,Iris-virginica
6.7,3.1,5.6,2.4,Iris-virginica
6.9,3.1,5.1,2.3,Iris-virginica
5.8,2.7,5.1,1.9,Iris-virginica
6.8,3.2,5.9,2.3,Iris-virginica
6.7,3.3,5.7,2.5,Iris-virginica
6.7,3,5.2,2.3,Iris-virginica
6.3,2.5,5,1.9,Iris-virginica
6.5,3,5.2,2,Iris-virginica
6.2,3.4,5.4,2.3,Iris-virginica
5.9,3,5.1,1.8,Iris-virginica
5.251918486,3.74387901,1.493841317,0.106428499,Iris-setosa
4.827412865,3.000333281,1.330921144,0.152029528,Iris-setosa
4.737821218,3.228877686,1.267193901,0.26069244,Iris-setosa
4.643423798,2.979700691,1.450833828,0.239159094,Iris-setosa
4.991195659,3.438133352,1.319567436,0.127721784,Iris-setosa
5.387752053,3.979884995,1.653088037,0.412618324,Iris-setosa
4.541813034,3.398728975,1.362746821,0.15836934,Iris-setosa
5.018520186,3.418362519,1.541740378,0.032769723,Iris-setosa
4.32813235,2.853790993,1.419565567,0.132724149,Iris-setosa
4.772762302,3.139646276,1.591568133,0.07379226,Iris-setosa
5.619069362,3.803735017,1.690064509,0.214823424,Iris-setosa
4.771386566,3.453736437,1.846003513,0.152107852,Iris-setosa
4.852896784,3.048131968,1.358688324,0.119100523,Iris-setosa
4.305549355,3.076384338,1.138051463,0.081697402,Iris-setosa
5.857524168,4.03596034,1.229807396,0.274085917,Iris-setosa
5.631267564,4.391471081,1.533276585,0.446362332,Iris-setosa
5.387709867,4.070133512,1.22850952,0.238964688,Iris-setosa
4.947654825,3.543470197,1.435923006,0.313890735,Iris-setosa
5.653818665,3.68574918,1.684676943,0.310163992,Iris-setosa
5.075438083,3.832294512,1.495393526,0.422194542,Iris-setosa
5.244247599,3.527230411,1.903323866,0.195920314,Iris-setosa
5.1138754,3.718370868,1.412777134,0.36944368,Iris-setosa
4.308800274,3.558776577,0.850960936,0.040353178,Iris-setosa
5.102316776,3.432112929,1.845022655,0.556570861,Iris-setosa
4.970289554,3.552834067,2.045703153,0.087089993,Iris-setosa
5.095880086,2.986391534,1.495304999,0.108537876,Iris-setosa
5.087750157,3.338018824,1.581970277,0.344775159,Iris-setosa
5.193844955,3.539955234,1.307214837,0.156937917,Iris-setosa
5.340932594,3.398602445,1.413951897,-0.035289516,Iris-setosa
4.763836164,3.212301938,1.735268102,0.0775522,Iris-setosa
4.881136266,3.251135249,1.482857917,0.33009184,Iris-setosa
5.474685151,3.370959915,1.550920141,0.42349874,Iris-setosa
5.250895377,4.146651331,1.480939721,0.087593863,Iris-setosa
5.433486821,4.303094454,1.229135424,0.24235384,Iris-setosa
4.809014763,2.956037314,1.559149617,0.213164161,Iris-setosa
5.188733323,3.208962397,1.326006644,0.033274942,Iris-setosa
5.377788231,3.404529214,1.406135378,0.292345182,Iris-setosa
4.787612967,3.112858817,1.549802882,0.136301921,Iris-setosa
4.581739131,3.072908731,1.212977084,0.195056838,Iris-setosa
4.807769232,3.421622247,1.589830343,0.158975138,Iris-setosa
5.042131243,3.536983618,1.334982566,0.444564176,Iris-setosa
4.413445575,2.153477307,1.478347445,0.368337092,Iris-setosa
4.510387072,3.199238731,1.31745768,0.099972766,Iris-setosa
5.007893367,3.537906804,1.694071292,0.684299628,Iris-setosa
5.10302077,3.864214587,1.960853464,0.373707988,Iris-setosa
4.81263273,3.215078492,1.507267116,0.26385498,Iris-setosa
5.254312296,3.935438736,1.522373224,0.207155238,Iris-setosa
4.467144757,3.287611499,1.53850884,0.243331142,Iris-setosa
5.456600613,3.630152825,1.434719964,0.18751805,Iris-setosa
5.141186474,3.386428206,1.229102248,0.398769376,Iris-setosa
7.012772223,3.184845246,4.792640469,1.35863197,Iris-versicolor
6.315363111,3.292161894,4.435011158,1.338873282,Iris-versicolor
6.878842332,2.93949457,5.123502371,1.492340492,Iris-versicolor
5.506904498,2.245903847,3.951173675,1.209518,Iris-versicolor
6.422818808,2.942684996,4.743290538,1.325172849,Iris-versicolor
5.601593786,2.863815713,4.688193771,1.328549725,Iris-versicolor
6.22861903,3.155915896,4.629918254,1.574293407,Iris-versicolor
4.78441986,2.331714167,3.341044219,0.987465428,Iris-versicolor
6.434629046,2.808692173,4.722744676,1.326288,Iris-versicolor
5.257313271,2.802094188,3.961446845,1.456657974,Iris-versicolor
4.972675777,1.918528576,3.430069672,1.027340166,Iris-versicolor
5.975497473,3.160520712,4.13963111,1.403585089,Iris-versicolor
5.948996264,2.193931941,4.043204331,1.063800206,Iris-versicolor
6.091193333,2.831885624,4.753043239,1.421997136,Iris-versicolor
5.486863512,2.931449153,3.465139445,1.362759761,Iris-versicolor
6.653586727,3.082465149,4.470202583,1.50937199,Iris-versicolor
5.590592517,2.989046476,4.529399713,1.602067527,Iris-versicolor
5.752151136,2.762497465,3.97825998,1.010136757,Iris-versicolor
6.093555007,2.266549534,4.408915431,1.459986277,Iris-versicolor
5.49056578,2.39122394,3.953417588,1.092063723,Iris-versicolor
6.013864577,3.225858554,4.78169866,1.602111833,Iris-versicolor
6.179658368,2.892035335,4.163455636,1.50776252,Iris-versicolor
6.436662629,2.547937672,4.906359386,1.406417517,Iris-versicolor
6.153456892,2.777785585,4.7313823,0.9944733,Iris-versicolor
6.431673012,3.055478331,4.172076245,1.231607523,Iris-versicolor
6.602690816,3.062015813,4.526888984,1.470393362,Iris-versicolor
6.702272015,2.716157016,4.731171522,1.566753864,Iris-versicolor
6.521608711,2.979774672,5.00449092,1.696797637,Iris-versicolor
5.938265336,2.907750499,4.529620101,1.590881799,Iris-versicolor
5.709361074,2.376694325,3.39952956,1.082836294,Iris-versicolor
5.48941334,2.255141811,3.707845035,1.084094645,Iris-versicolor
5.528579283,2.516855689,3.744542343,0.791284329,Iris-versicolor
5.611415088,2.805574852,3.823132102,1.186683176,Iris-versicolor
5.976173499,2.774806127,5.09712233,1.659676432,Iris-versicolor
5.388430679,2.973800151,4.439160882,1.539069609,Iris-versicolor
6.029326621,3.416938303,4.498826794,1.544594959,Iris-versicolor
6.434124615,3.136056606,4.712803969,1.552688421,Iris-versicolor
6.295135938,2.144417258,4.385138155,1.320573552,Iris-versicolor
5.623617027,3.0683929,4.084967654,1.244755936,Iris-versicolor
5.500563404,2.317757958,4.011073096,1.133777472,Iris-versicolor
5.498545499,2.626163618,4.434009602,1.413143279,Iris-versicolor
6.176920734,2.973522269,4.731411656,1.429070405,Iris-versicolor
5.839460422,2.615555464,4.190786101,1.112203416,Iris-versicolor
5.130327289,2.310470343,3.138615013,0.868587846,Iris-versicolor
5.477288748,2.82234237,4.183450601,1.53291228,Iris-versicolor
5.733217359,3.046628026,4.220832124,1.284411245,Iris-versicolor
5.793040182,2.872480739,4.038620701,1.21532842,Iris-versicolor
6.189818201,3.053509393,4.258197343,1.230910116,Iris-versicolor
4.828565629,2.542003472,2.834118958,1.001430566,Iris-versicolor
5.610521323,2.74872956,4.255122881,1.259119526,Iris-versicolor
6.340980166,3.155668903,5.827859851,2.226571149,Iris-virginica
5.747567814,2.603524753,5.241558698,1.927621568,Iris-virginica
7.217479168,2.957345827,5.822150383,1.965521774,Iris-virginica
6.402367184,2.833746519,5.556736481,1.792583878,Iris-virginica
6.448512518,2.866719118,5.858095798,2.260626853,Iris-virginica
7.664664994,3.118036778,6.844292966,2.141048279,Iris-virginica
4.733754394,2.41785015,4.75211029,1.399542154,Iris-virginica
7.309023717,3.018641349,6.152433525,1.824698965,Iris-virginica
6.746049024,2.409350167,6.083310181,1.683808693,Iris-virginica
7.15734306,3.481036337,6.294345172,2.418325688,Iris-virginica
6.51357469,3.386072692,5.190551419,2.053930043,Iris-virginica
6.427893185,2.586134584,5.362840127,1.800042811,Iris-virginica
6.98172605,2.977070164,5.45469112,2.148114653,Iris-virginica
5.773858219,2.365616598,4.854483465,2.036240704,Iris-virginica
5.864033628,2.765787361,5.037494776,2.507720484,Iris-virginica
6.403063749,3.14182866,5.146610879,2.429557893,Iris-virginica
6.521018529,3.129856582,5.551922601,1.842650783,Iris-virginica
7.75388839,3.740954087,6.733589978,2.370366343,Iris-virginica
7.655992772,2.505300769,6.831811903,2.279944465,Iris-virginica
5.929390517,2.293194628,4.904647365,1.454700726,Iris-virginica
6.787853354,3.436028582,5.673121532,2.351365013,Iris-virginica
5.6549989,2.772646353,5.005954617,2.006502354,Iris-virginica
7.59227784,2.662365719,6.569818979,1.770926532,Iris-virginica
6.251536944,2.644148719,4.90520981,1.839899129,Iris-virginica
6.626698069,3.234020737,5.780907181,2.084536589,Iris-virginica
7.16176722,3.333162603,5.866441315,1.825440131,Iris-virginica
6.153587207,2.8779462,4.888413947,1.793023932,Iris-virginica
6.148312218,2.998773368,4.962895268,1.743930251,Iris-virginica
6.321860834,2.620173764,5.825305893,2.15048054,Iris-virginica
7.245417639,2.914130728,5.758698853,1.504745216,Iris-virginica
7.171085202,2.842416589,6.076644204,1.954591154,Iris-virginica
7.807079942,3.867685042,6.510657701,2.08130376,Iris-virginica
6.344480372,3.037676993,5.441051434,2.223054882,Iris-virginica
6.507778032,2.656923481,5.078534672,1.577532655,Iris-virginica
6.066885092,2.757556737,5.571638172,1.491472033,Iris-virginica
7.692804116,2.999481827,6.115471394,2.200256182,Iris-virginica
6.260775629,3.525551132,5.469035604,2.286471527,Iris-virginica
6.347448027,2.954716474,5.580491609,1.712075885,Iris-virginica
6.009987699,3.084170004,4.810163712,1.810342243,Iris-virginica
6.954152977,3.2178127,5.539202662,1.986843291,Iris-virginica
6.560510895,3.061024269,5.484945327,2.407895821,Iris-virginica
6.971356537,3.033560677,5.137846237,2.214609292,Iris-virginica
5.963744167,2.683155828,5.170538947,1.756582709,Iris-virginica
6.928238015,3.015420905,5.833768186,2.20132631,Iris-virginica
6.619778963,3.348842517,5.605506944,2.517880503,Iris-virginica
6.908412631,3.068629307,5.144136937,2.328848925,Iris-virginica
6.27033884,2.812251361,5.054906874,1.846287871,Iris-virginica
6.423852699,3.066356056,5.395489581,2.221493013,Iris-virginica
6.177871035,3.27072891,5.523721376,2.350555976,Iris-virginica
5.831576059,3.070489839,5.174523148,1.818531804,Iris-virginica
5.063389259,3.519876536,1.316961548,0.163153143,Iris-setosa
5.010008315,2.920195787,1.319435515,0.174359195,Iris-setosa
4.563033986,3.233285119,1.267052555,0.371190989,Iris-setosa
4.670890121,3.138071663,1.29661276,0.17612761,Iris-setosa
5.020157487,3.551868501,1.384867726,0.322904912,Iris-setosa
5.528617144,3.77885649,1.770174714,0.158025056,Iris-setosa
4.518507096,3.432036529,1.416357575,0.380209795,Iris-setosa
4.88539374,3.264513118,1.582079399,0.197056088,Iris-setosa
4.485711914,2.702414028,1.278654878,0.048156214,Iris-setosa
4.822002785,3.019309302,1.489577515,0.160516135,Iris-setosa
5.342744694,3.824559315,1.468722628,0.129791427,Iris-setosa
4.835831328,3.399903977,1.57965004,0.214924137,Iris-setosa
4.88973957,2.754956638,1.46276368,0.080838344,Iris-setosa
4.45454078,3.010714119,1.242476439,0.009314816,Iris-setosa
5.886710073,4.023034212,1.306490929,0.146197302,Iris-setosa
5.667151619,4.180099177,1.564213037,0.21988647,Iris-setosa
5.307944809,3.887318627,1.356500433,0.303491728,Iris-setosa
5.202571249,3.430447287,1.480987504,0.342504639,Iris-setosa
5.616290064,3.771204101,1.60237245,0.255429035,Iris-setosa
5.042304245,3.810841054,1.618103979,0.302143352,Iris-setosa
5.248601,3.431630908,1.566017193,0.143488541,Iris-setosa
4.816558249,3.76890767,1.49943614,0.40883282,Iris-setosa
4.531642077,3.437990315,1.027091747,0.230456713,Iris-setosa
5.020685199,3.348348159,1.671595071,0.589546772,Iris-setosa
4.76191283,3.336170842,1.919975541,0.186699244,Iris-setosa
4.917794049,2.966067146,1.521854972,0.040113184,Iris-setosa
5.042216138,3.435583149,1.700965358,0.372496202,Iris-setosa
5.367223966,3.229020564,1.6179563,0.18411255,Iris-setosa
5.500000604,3.39063099,1.301250106,0.185929109,Iris-setosa
4.824643385,3.121237145,1.5798381,0.262071294,Iris-setosa
4.762142492,3.027628055,1.532107274,0.367656373,Iris-setosa
5.323165846,3.508899326,1.556397125,0.437686995,Iris-setosa
5.191428105,4.04520641,1.450302498,-0.06181571,Iris-setosa
5.492611467,4.204295996,1.417781719,0.267799533,Iris-setosa
4.843110214,3.198352508,1.499860732,0.241880087,Iris-setosa
4.971340748,3.241846522,1.251261873,0.29284826,Iris-setosa
5.668550266,3.453493099,1.242575513,0.249075353,Iris-setosa
4.805832299,3.148408222,1.393042954,0.276108169,Iris-setosa
4.491453273,2.861193194,1.073882098,0.242975308,Iris-setosa
5.064039522,3.489477443,1.545996356,0.222126094,Iris-setosa
4.979427462,3.447937082,1.218944654,0.266957901,Iris-setosa
4.481338831,2.26731071,1.290642097,0.293950579,Iris-setosa
4.520303875,3.035504672,1.270519275,0.251070395,Iris-setosa
4.904446979,3.534902728,1.479048445,0.713434034,Iris-setosa
5.177852664,3.977721085,2.019452825,0.248732675,Iris-setosa
4.858783085,3.084426929,1.439043018,0.340668666,Iris-setosa
5.172197083,3.735872278,1.773811191,0.230283006,Iris-setosa
4.629523621,3.282353448,1.190435785,0.064010725,Iris-setosa
5.365935504,3.745001474,1.286731581,-0.028057863,Iris-setosa
5.200309861,3.200215883,1.536844348,0.241336481,Iris-setosa
6.932246147,3.192037702,4.697838434,1.531089306,Iris-versicolor
6.46681935,3.325224913,4.551560226,1.556540118,Iris-versicolor
6.81415749,3.126027339,5.026656865,1.453102777,Iris-versicolor
5.56505792,2.272617475,3.867327155,1.276265319,Iris-versicolor
6.381706914,2.895381405,4.519575078,1.736222176,Iris-versicolor
5.548006619,2.811214299,4.489261479,1.398201064,Iris-versicolor
6.197086817,3.350057889,4.765148742,1.628237424,Iris-versicolor
4.888825755,2.314716513,3.183584519,0.908271735,Iris-versicolor
6.573790606,3.007604591,4.634758253,1.170186151,Iris-versicolor
5.309258949,2.594747185,3.86586523,1.374848859,Iris-versicolor
5.022908009,1.941762616,3.4416379,1.131316322,Iris-versicolor
6.004532745,3.162400002,4.158833982,1.529552397,Iris-versicolor
6.145595842,2.181924837,3.987469283,0.823437103,Iris-versicolor
6.06548345,2.813749404,4.724384682,1.32326501,Iris-versicolor
5.697058417,3.03218227,3.463456798,1.392870279,Iris-versicolor
6.773895205,3.110434373,4.318384736,1.515698606,Iris-versicolor
5.660547619,2.981191096,4.46253059,1.564470635,Iris-versicolor
5.826845279,2.603413375,4.17702523,1.134209426,Iris-versicolor
6.267910107,2.184057428,4.491103582,1.55338749,Iris-versicolor
5.528435909,2.316899783,3.976289517,1.108437528,Iris-versicolor
5.900696046,3.04237966,4.988846606,1.749283497,Iris-versicolor
6.173342229,2.960160603,4.043323757,1.162345922,Iris-versicolor
6.438947023,2.525580749,4.944491514,1.544662676,Iris-versicolor
6.148060866,2.8283051,4.776551081,1.263324237,Iris-versicolor
6.299309074,2.879454603,4.253587599,1.281615027,Iris-versicolor
6.543927076,3.11513992,4.328227608,1.4033626,Iris-versicolor
6.759739698,2.75732071,4.60011367,1.263735972,Iris-versicolor
6.826037824,3.076548425,5.040778353,1.641106091,Iris-versicolor
6.052006477,2.8278381,4.499149107,1.38925519,Iris-versicolor
5.812200746,2.59533215,3.456465946,1.073096478,Iris-versicolor
5.494150326,2.294691946,3.822101875,1.093120476,Iris-versicolor
5.389923907,2.450265785,3.602321585,1.00235741,Iris-versicolor
5.983632071,2.828102365,3.679461671,1.154735646,Iris-versicolor
5.969476051,2.689393727,5.126690552,1.701937874,Iris-versicolor
5.364237188,3.099079002,4.451224962,1.486356947,Iris-versicolor
5.911068774,3.517878317,4.484691471,1.682668241,Iris-versicolor
6.77924684,3.329072678,4.69261086,1.566095233,Iris-versicolor
6.362495075,2.32589818,4.47844464,1.307151655,Iris-versicolor
5.639614552,2.836772278,4.283672608,1.280289288,Iris-versicolor
5.687329038,2.31841114,4.058583595,1.276570044,Iris-versicolor
5.692998462,2.437334634,4.28962979,1.076503677,Iris-versicolor
6.145009253,3.058365859,4.471033068,1.382977269,Iris-versicolor
5.847451991,2.650232932,4.148416093,1.247905402,Iris-versicolor
5.013105728,2.118945636,3.267377315,1.16089593,Iris-versicolor
5.4351756,2.844605436,4.17499658,1.198099531,Iris-versicolor
5.525136757,3.160174408,4.100813443,0.997888258,Iris-versicolor
5.467873325,2.842479943,4.257699163,1.304836778,Iris-versicolor
6.263217904,2.874037838,4.359986173,1.178691947,Iris-versicolor
4.861550849,2.462235052,3.087566663,1.012119406,Iris-versicolor
5.779222714,2.964382553,4.147063829,1.330311902,Iris-versicolor
6.297607134,3.237862608,5.999968061,2.27072834,Iris-virginica
5.788616024,2.761504593,5.317728343,2.098514713,Iris-virginica
7.377057394,2.95301977,5.911526555,2.162836926,Iris-virginica
6.205544231,3.005148404,5.622166155,1.70287086,Iris-virginica
6.637843193,3.068528048,5.845981309,2.182935443,Iris-virginica
7.468308657,3.05800145,6.587310917,2.071107408,Iris-virginica
4.975999659,2.487669535,4.442957159,1.542658721,Iris-virginica
7.451689805,2.959439005,6.225150385,1.891017764,Iris-virginica
6.618198345,2.45788113,5.932026305,1.724186741,Iris-virginica
7.209781086,3.464917892,5.982019005,2.481498882,Iris-virginica
6.571461661,3.210188694,4.98831906,2.034096654,Iris-virginica
6.592912587,2.423275743,5.204135399,1.93238416,Iris-virginica
6.88186175,2.943363226,5.379428065,2.108085448,Iris-virginica
5.701409943,2.465490764,4.883078713,2.164820221,Iris-virginica
5.769739457,2.923759919,5.138051285,2.429944592,Iris-virginica
6.318388583,3.18947555,5.393172116,2.173715774,Iris-virginica
6.567353658,2.971533242,5.404980899,1.753692134,Iris-virginica
7.908060485,3.843905821,6.589222354,2.284230759,Iris-virginica
7.768185635,2.482428935,6.809613713,2.261993569,Iris-virginica
6.002963302,2.27686019,4.878815323,1.455311928,Iris-virginica
6.940976859,3.260694547,5.426382346,2.377532585,Iris-virginica
5.713189093,2.8205747,4.719538286,2.009903649,Iris-virginica
7.756543672,2.900886078,6.63434241,2.067959266,Iris-virginica
6.227023532,2.961046406,4.848867173,1.840319148,Iris-virginica
6.602599854,3.532899362,5.677061318,2.05436169,Iris-virginica
7.074545674,3.157074734,5.968238988,1.973998742,Iris-virginica
6.172397728,2.821973171,4.731189629,1.859030522,Iris-virginica
6.275585466,3.040095363,4.671060919,1.843843777,Iris-virginica
6.312641846,2.693664305,5.585598704,2.182793612,Iris-virginica
7.171359475,3.031609269,5.81511333,1.614303157,Iris-virginica
7.505715606,2.764056668,6.19303095,1.968583642,Iris-virginica
7.820700901,3.734843465,6.342444467,1.87674758,Iris-virginica
6.644840008,2.808130429,5.544082682,2.247474522,Iris-virginica
6.269506583,2.738120467,5.245483844,1.531946096,Iris-virginica
6.198870068,2.568425679,5.481533611,1.39029681,Iris-virginica
7.652239048,2.982541585,6.071736245,2.218992673,Iris-virginica
6.306102458,3.454159052,5.712319193,2.578437614,Iris-virginica
6.549081078,3.039944941,5.324129938,1.693961068,Iris-virginica
6.100903873,2.974379442,4.781806306,1.919302203,Iris-virginica
6.866712473,3.065837904,5.401048993,2.248386739,Iris-virginica
6.685251706,3.052326102,5.583401987,2.564616184,Iris-virginica
6.906052023,3.123669242,4.969859525,2.357727708,Iris-virginica
5.749346116,2.76887663,5.159637863,1.863737388,Iris-virginica
6.770014099,3.178984831,5.887089959,2.246187558,Iris-virginica
6.689240336,3.24821396,5.768807911,2.761067429,Iris-virginica
6.881295799,3.037344299,5.322130286,2.181293313,Iris-virginica
6.330998755,2.636383099,4.990386695,2.04183152,Iris-virginica
6.504609118,2.874277097,5.213155563,1.962741317,Iris-virginica
6.232699064,3.188764326,5.212976866,2.338955535,Iris-virginica
5.698498109,3.074598498,5.295204531,1.854429698,Iris-virginica
5.243854772,3.756014812,1.504567201,-0.120035952,Iris-setosa
4.748588226,2.977009426,1.266311478,0.117561515,Iris-setosa
4.76058372,3.247654537,1.225313941,0.218653225,Iris-setosa
4.593548949,3.006185187,1.574242601,0.257208243,Iris-setosa
5.037621182,3.559753034,1.379373078,0.147012737,Iris-setosa
5.436942148,3.909433761,1.737956784,0.551132525,Iris-setosa
4.609892038,3.491556394,1.236125773,0.179270572,Iris-setosa
4.856806835,3.530560812,1.679345986,0.061625066,Iris-setosa
4.161058583,2.728313363,1.598436284,0.210643555,Iris-setosa
4.891500967,3.29595351,1.511667502,0.090017715,Iris-setosa
5.575928333,3.674847993,1.540432369,0.221766086,Iris-setosa
4.859753792,3.279503106,1.909012624,0.246043673,Iris-setosa
4.957972131,3.042061539,1.486372258,0.125464995,Iris-setosa
4.054505299,3.200629991,1.145235328,0.126534071,Iris-setosa
5.864245711,3.8475489,1.285290439,0.158278441,Iris-setosa
5.667261878,4.449617349,1.501851057,0.346112098,Iris-setosa
5.456142893,4.184156099,1.289629214,0.164972813,Iris-setosa
5.084453305,3.546034425,1.340452722,0.557178836,Iris-setosa
5.696426517,3.753440644,1.536411852,0.164900158,Iris-setosa
4.960465161,3.817509715,1.282621479,0.195821473,Iris-setosa
5.367297022,3.461829204,1.908211936,0.201017472,Iris-setosa
5.135227648,3.783731481,1.385853347,0.203076944,Iris-setosa
4.339809947,3.42038334,0.950692365,-0.045036529,Iris-setosa
5.221117624,3.487461474,1.956558517,0.567165286,Iris-setosa
4.856417099,3.542804544,2.157036111,0.108296939,Iris-setosa
5.11837457,2.965843789,1.567332493,0.149580127,Iris-setosa
5.065013484,3.352917118,1.652785243,0.406298289,Iris-setosa
5.145032309,3.533430217,1.269288183,0.146790565,Iris-setosa
5.279629983,3.269620262,1.467008979,-0.058514603,Iris-setosa
4.866942547,2.991423404,1.764164604,0.28597435,Iris-setosa
5.031002841,3.281963882,1.559641145,0.339174385,Iris-setosa
5.186394571,3.365892823,1.510944601,0.360602387,Iris-setosa
5.212462163,4.246493421,1.476123138,-0.085281417,Iris-setosa
5.393222099,4.232381572,1.242695061,0.260260127,Iris-setosa
4.785013638,2.889373061,1.555607837,0.338052439,Iris-setosa
5.076176056,3.228770844,1.278451229,0.096635264,Iris-setosa
5.527485424,3.399417683,1.328145356,0.370554109,Iris-setosa
4.819100499,3.335649258,1.518085542,0.276703023,Iris-setosa
4.637120284,3.097151658,1.309430642,0.119241801,Iris-setosa
4.963024109,3.350512392,1.407502413,0.053299336,Iris-setosa
4.939983952,3.464128011,1.297995963,0.440559931,Iris-setosa
4.337298193,2.030169226,1.550675044,0.424384155,Iris-setosa
4.485337338,3.053000024,1.263037182,0.039771276,Iris-setosa
4.849099267,3.531178005,1.653831203,0.685829474,Iris-setosa
5.21456813,3.881995874,1.958147095,0.439047477,Iris-setosa
4.802330625,3.148361804,1.465246254,0.317123391,Iris-setosa
5.336210363,4.067475232,1.385535818,0.417600302,Iris-setosa
4.553193051,3.210597643,1.601050943,0.301213227,Iris-setosa
5.278451791,3.590865841,1.356354737,0.175977524,Iris-setosa
5.143716656,3.291694,1.264460526,0.524467261,Iris-setosa
6.864400355,3.102290879,4.943824962,1.305216967,Iris-versicolor
6.633258032,3.45571041,4.288885539,1.354325656,Iris-versicolor
6.84659656,3.134843232,5.378298206,1.589791488,Iris-versicolor
5.56732601,2.090941763,3.923331228,1.255857339,Iris-versicolor
6.457994343,2.911724961,4.916269673,1.348853219,Iris-versicolor
5.602882726,2.876366982,4.730806776,1.29042835,Iris-versicolor
6.282992926,3.112041277,4.58608591,1.446618406,Iris-versicolor
4.915754269,2.376773215,3.150726378,0.977965133,Iris-versicolor
6.459294019,2.727387789,4.809842511,1.404527213,Iris-versicolor
5.328670325,2.835363642,4.016507233,1.570248145,Iris-versicolor
4.873247274,2.082762303,3.370197898,1.103120427,Iris-versicolor
5.999289383,3.18264488,4.180414865,1.452066953,Iris-versicolor
6.100275941,2.275023368,3.977058566,1.130823138,Iris-versicolor
6.006603927,3.004911978,4.820071172,1.622629371,Iris-versicolor
5.398762006,2.830972832,3.467368488,1.245616088,Iris-versicolor
6.826836949,3.011830793,4.568089513,1.689537915,Iris-versicolor
5.511997592,3.067953971,4.449718611,1.432370817,Iris-versicolor
5.767729547,2.719106736,4.010619928,1.045949267,Iris-versicolor
5.981982314,2.241321492,4.385153482,1.260148325,Iris-versicolor
5.505299527,2.378405289,3.853653491,1.09097297,Iris-versicolor
5.831488013,3.314874337,4.695447379,1.484554033,Iris-versicolor
6.095635764,3.007959387,4.189572871,1.498302557,Iris-versicolor
6.469902312,2.570190682,4.81635213,1.510731339,Iris-versicolor
6.019245504,2.61040523,4.711477413,0.888998128,Iris-versicolor
6.397536747,3.138721055,4.238308942,1.302223821,Iris-versicolor
6.482045418,3.07381324,4.640465298,1.619894223,Iris-versicolor
6.605356419,2.873034457,4.903043682,1.636778299,Iris-versicolor
6.634345758,2.99450262,4.875964569,1.61813433,Iris-versicolor
6.002429888,2.911799929,4.375623867,1.646053485,Iris-versicolor
5.658637443,2.613888753,3.352909788,1.085210181,Iris-versicolor
5.555962801,2.205812631,3.74740952,1.149198049,Iris-versicolor
5.571496221,2.505397178,3.719141249,0.864592717,Iris-versicolor
5.502394952,2.852423086,3.851947451,1.215635567,Iris-versicolor
5.936629331,2.698279527,5.169636356,1.466893093,Iris-versicolor
5.404092285,2.848090721,4.4083103,1.526303454,Iris-versicolor
6.119402833,3.450644229,4.538756093,1.350156864,Iris-versicolor
6.390684485,3.124232699,4.649867062,1.401269164,Iris-versicolor
6.320868836,2.172069352,4.415981214,1.336984552,Iris-versicolor
5.632138405,2.93023583,4.260294434,1.222421327,Iris-versicolor
5.618649197,2.320910794,3.781394133,1.323121061,Iris-versicolor
5.412188912,2.690786674,4.299948384,1.443413661,Iris-versicolor
6.077968599,3.036569465,4.647326541,1.313057717,Iris-versicolor
5.864361577,2.803112112,4.051406813,1.18899633,Iris-versicolor
5.150126155,2.265593993,3.132781462,0.817407094,Iris-versicolor
5.522156375,2.764339414,4.405246457,1.641111041,Iris-versicolor
5.827449175,3.077005121,4.238148608,1.3015736,Iris-versicolor
5.749618477,2.803973114,3.936571592,1.304887007,Iris-versicolor
6.22432194,3.097698462,4.201435415,1.153290556,Iris-versicolor
4.811640625,2.378637819,2.743482372,1.038068662,Iris-versicolor
5.635863811,2.82787904,4.258833058,1.274267438,Iris-versicolor
6.258591888,3.361734197,5.74958939,2.305845613,Iris-virginica
5.728679067,2.795436827,5.303787263,1.94168255,Iris-virginica
7.270574906,2.952777659,5.68899524,2.078971437,Iris-virginica
6.467239315,2.879393981,5.659324527,1.77812878,Iris-virginica
6.453059048,2.795166495,5.796005548,2.134560953,Iris-virginica
7.653234072,3.137695129,6.61193251,2.034735135,Iris-virginica
4.774819377,2.426652089,4.658874541,1.361856489,Iris-virginica
7.269944091,3.189067758,6.114378928,1.88462266,Iris-virginica
6.871358752,2.358181897,6.201336651,1.700751179,Iris-virginica
7.113853578,3.464900165,6.491628616,2.420240206,Iris-virginica
6.618745198,3.472593803,5.221509385,1.854943419,Iris-virginica
6.362960694,2.690517065,5.400839608,1.824107313,Iris-virginica
6.924890141,3.088096068,5.430221104,2.067484044,Iris-virginica
5.766992888,2.439922737,4.832156105,1.990391655,Iris-virginica
6.023417095,2.81342384,5.165966754,2.503773547,Iris-virginica
6.265196669,3.209135765,5.306636922,2.526873488,Iris-virginica
6.547816642,3.176430849,5.549114783,1.734973045,Iris-virginica
7.587039302,3.848733861,6.676675594,2.303199567,Iris-virginica
7.823538348,2.437604255,6.725548428,2.300099347,Iris-virginica
5.881152729,2.325660041,4.890527151,1.131948681,Iris-virginica
6.744636986,3.441605779,5.667197258,2.297569174,Iris-virginica
5.740642208,2.800280273,5.008861069,2.033916726,Iris-virginica
7.662434524,2.69789128,6.638433305,1.580687676,Iris-virginica
6.276874747,2.510919143,4.646300315,1.976058993,Iris-virginica
6.559302736,3.108163193,5.648162797,1.975968641,Iris-virginica
7.03997763,3.393925779,5.800251354,1.528580683,Iris-virginica
6.115162158,2.878317761,4.948559405,1.844549168,Iris-virginica
6.053985536,3.101894423,5.060155716,1.806340362,Iris-virginica
6.327450725,2.548510883,5.759752366,2.250674565,Iris-virginica
7.154351877,2.803419012,5.636168809,1.537974643,Iris-virginica
7.378637642,2.804438537,6.026284219,2.049062189,Iris-virginica
7.924771715,3.798445092,6.518019162,2.248129578,Iris-virginica
6.372181303,3.152870103,5.317892917,2.286488078,Iris-virginica
6.656118305,2.513028061,5.054937027,1.783645528,Iris-virginica
6.127981418,2.819482561,5.644179305,1.564959313,Iris-virginica
7.688771466,2.961654327,6.142666442,2.214785233,Iris-virginica
6.243322007,3.448911974,5.33827232,2.389378242,Iris-virginica
6.207179663,3.058294138,5.648221546,1.81746992,Iris-virginica
6.042669134,3.035891598,4.866654436,1.854250381,Iris-virginica
6.887662419,3.324333876,5.491970284,1.990532938,Iris-virginica
6.585025399,3.140937783,5.393973637,2.31014755,Iris-virginica
6.93506315,3.04141921,4.937603549,2.261111293,Iris-virginica
6.033479389,2.840125827,5.197928065,1.896208846,Iris-virginica
6.934793776,3.026510445,5.781468132,2.093784222,Iris-virginica
6.778720704,3.313556482,5.583660012,2.539315318,Iris-virginica
6.861757166,3.00885967,5.101729797,2.419219187,Iris-virginica
6.360977155,2.851159884,4.973551539,1.754883718,Iris-virginica
6.410552631,2.89006694,5.489650024,2.290681443,Iris-virginica
6.210828351,3.283725876,5.553042057,2.436525505,Iris-virginica
5.821695768,3.135998598,4.912093267,1.786720279,Iris-virginica
5.09386785,3.451684887,1.393157856,0.198588523,Iris-setosa
4.851738355,3.108662,1.397377099,0.19439766,Iris-setosa
4.651235326,3.261392798,1.294233873,0.14692633,Iris-setosa
4.810401688,2.997869252,1.568243283,0.334825696,Iris-setosa
4.924977934,3.630351747,1.348857208,0.10071599,Iris-setosa
5.479520557,3.885482891,1.859067447,0.470296909,Iris-setosa
4.5054584,3.425924825,1.39448292,0.271663598,Iris-setosa
4.848169876,3.236589775,1.462262112,0.157578187,Iris-setosa
4.334213528,2.993972851,1.364175476,0.23098585,Iris-setosa
4.806288184,3.15255479,1.451876431,0.04104708,Iris-setosa
5.385732406,3.641843623,1.570517721,0.166927502,Iris-setosa
5.033690222,3.393329416,1.559045587,0.196221843,Iris-setosa
4.803318248,2.931344243,1.420905188,0.193123232,Iris-setosa
4.440381902,2.912272932,1.079385814,0.120504711,Iris-setosa
5.912715529,4.18652551,1.332745429,0.045276094,Iris-setosa
5.634941535,4.521304915,1.399103902,0.382188339,Iris-setosa
5.583585449,3.998127402,1.248780155,0.395812306,Iris-setosa
5.041048725,3.516862936,1.242437186,0.273776139,Iris-setosa
5.695992656,3.773754056,1.59188071,0.576425095,Iris-setosa
5.054737307,3.697875463,1.615448071,0.203830277,Iris-setosa
5.462865539,3.550076395,1.755337526,0.216099233,Iris-setosa
5.141716237,3.628413795,1.519403005,0.415644553,Iris-setosa
4.577995587,3.583776977,1.004975206,0.123114857,Iris-setosa
5.155043444,3.246835628,1.913906263,0.409149328,Iris-setosa
4.821468984,3.448687007,2.097023821,0.15471011,Iris-setosa
5.04350295,2.893181199,1.524130622,0.207711894,Iris-setosa
4.821116147,3.625614237,1.538828404,0.376065855,Iris-setosa
5.076769381,3.544376774,1.552606966,0.066525406,Iris-setosa
5.205305732,3.490947215,1.284742701,0.328546026,Iris-setosa
4.728721776,3.230470613,1.616799975,0.284559426,Iris-setosa
4.69424619,3.049645349,1.725487244,0.217080531,Iris-setosa
5.317563135,3.292682373,1.397062602,0.317011257,Iris-setosa
5.186865008,4.263718746,1.465950534,0.020621557,Iris-setosa
5.474401343,4.19418701,1.444015667,0.260763712,Iris-setosa
4.833482187,2.86068677,1.627492275,-0.112513554,Iris-setosa
4.930738274,3.236844699,1.108297615,0.221262143,Iris-setosa
5.317322973,3.446965671,1.319274028,0.297779992,Iris-setosa
4.964741716,3.028833139,1.470389292,0.148948969,Iris-setosa
4.353958461,3.136635667,1.272828639,0.110746091,Iris-setosa
4.929254298,3.499331854,1.592980684,0.113359844,Iris-setosa
5.185689513,3.561790001,1.370879632,0.321224397,Iris-setosa
4.46575876,2.347186482,1.226201346,0.189209477,Iris-setosa
4.187892305,3.087676803,1.222286034,0.27049336,Iris-setosa
4.950350974,3.638148436,1.626600352,0.532629445,Iris-setosa
5.046269536,3.722316636,1.826214525,0.395917864,Iris-setosa
4.661128751,2.99654697,1.376409672,0.359438052,Iris-setosa
5.059890995,3.86548918,1.579323547,0.126278895,Iris-setosa
4.812663145,3.041798251,1.607532208,0.317056722,Iris-setosa
5.286109651,3.64827105,1.519007915,0.320683766,Iris-setosa
4.942666017,3.416830758,1.427532336,0.442480902,Iris-setosa
6.990106175,3.286839063,4.696820377,1.437066963,Iris-versicolor
6.23988347,3.371473736,4.444571703,1.539162049,Iris-versicolor
6.848588608,3.246368801,5.019521505,1.473864276,Iris-versicolor
5.486176833,2.334775447,3.971452283,1.315276034,Iris-versicolor
6.470566183,2.714645241,4.764761942,1.451929962,Iris-versicolor
5.574972778,2.678355061,4.503859171,1.247890212,Iris-versicolor
6.201147335,3.418107302,4.716414456,1.67500878,Iris-versicolor
4.912180418,2.373929578,3.472726489,1.063773984,Iris-versicolor
6.731126465,2.919811525,4.78736438,1.364904845,Iris-versicolor
5.209665332,2.635304916,3.898445384,1.511118204,Iris-versicolor
5.093372526,1.939151314,3.328616995,1.152177724,Iris-versicolor
5.821445841,2.800221168,4.314754543,1.557251057,Iris-versicolor
6.103625455,2.220570426,3.793335726,0.931070336,Iris-versicolor
6.039142235,2.945965316,4.660056858,1.500807699,Iris-versicolor
5.46842392,3.056854272,3.584287602,1.348000235,Iris-versicolor
6.586109769,3.065631583,4.331944652,1.348699907,Iris-versicolor
5.652307793,3.097936393,4.611614704,1.486614309,Iris-versicolor
5.72345381,2.751688899,3.891413911,0.953596335,Iris-versicolor
6.262529893,2.129176453,4.7571169,1.556947958,Iris-versicolor
5.599368574,2.518553331,3.921896554,1.052879057,Iris-versicolor
5.925649076,3.416804646,4.957148024,1.883592244,Iris-versicolor
6.097450966,2.941909637,3.903291062,1.244221658,Iris-versicolor
6.106462687,2.519981827,4.762073496,1.534944827,Iris-versicolor
6.288457453,2.827399998,4.81661884,1.173414067,Iris-versicolor
6.242005307,2.925069991,4.362627263,1.07900289,Iris-versicolor
6.542287811,2.918961075,4.369417796,1.303744988,Iris-versicolor
6.684856487,2.824200785,4.728138878,1.433134821,Iris-versicolor
6.596734685,3.031332731,5.019152835,2.031935125,Iris-versicolor
5.933761765,2.883831496,4.559147907,1.318532325,Iris-versicolor
5.885928741,2.625492124,3.484352157,0.876072854,Iris-versicolor
5.407051912,2.390405695,3.715634488,0.996875571,Iris-versicolor
5.410825348,2.464760219,3.855516355,1.03059382,Iris-versicolor
5.779082184,2.73204342,3.884428913,1.200115435,Iris-versicolor
6.00925656,2.5040209,5.251728129,1.57155027,Iris-versicolor
5.454369575,2.962657927,4.605098742,1.560157072,Iris-versicolor
5.842720719,3.388863581,4.232917306,1.734842108,Iris-versicolor
6.738187835,3.098058372,4.598508411,1.452213015,Iris-versicolor
6.327640701,2.462434695,4.339925441,1.292295341,Iris-versicolor
5.562182518,2.740173958,4.145610354,1.139505991,Iris-versicolor
5.543053062,2.525803271,3.983901193,1.253386981,Iris-versicolor
5.585246516,2.312310916,4.531599147,1.156696196,Iris-versicolor
5.974950156,2.814820731,4.670542412,1.488891775,Iris-versicolor
5.818027064,2.567344956,4.082022232,1.116022776,Iris-versicolor
4.841974695,2.534710408,3.204612175,0.981299454,Iris-versicolor
5.597251508,2.673762345,4.223203727,1.301079159,Iris-versicolor
5.705461476,2.84798443,4.199591482,1.170575628,Iris-versicolor
5.675485899,3.043356903,4.164600174,1.334918455,Iris-versicolor
6.14239684,2.953185137,4.445391237,1.262034034,Iris-versicolor
5.08110448,2.472544524,2.957000056,1.078100842,Iris-versicolor
5.729387964,2.742840861,4.128772383,1.46527096,Iris-versicolor
6.091460303,3.213719879,5.957294387,2.433486626,Iris-virginica
5.925490289,2.515977446,5.112974197,1.846042858,Iris-virginica
7.027094069,3.054363212,6.029517564,2.179857007,Iris-virginica
6.253239359,2.81196004,5.572535436,1.937466243,Iris-virginica
6.438147875,3.018488962,5.770292169,2.312702302,Iris-virginica
7.719373525,3.116066415,6.697349065,2.157048533,Iris-virginica
4.917869434,2.492614807,4.532002381,1.796373151,Iris-virginica
7.421632817,2.888679977,6.147707085,1.682128637,Iris-virginica
6.710073439,2.548575962,5.747927855,1.710144056,Iris-virginica
7.265323667,3.55703173,6.246808076,2.488534463,Iris-virginica
6.435978248,3.115600019,4.958860505,2.027226579,Iris-virginica
6.507955917,2.657354511,5.245724258,1.920615505,Iris-virginica
6.977387347,2.992703104,5.481764154,2.141061477,Iris-virginica
5.629052527,2.481193301,4.999588742,1.934701555,Iris-virginica
5.951222614,2.969273539,4.997379072,2.376703543,Iris-virginica
6.519489412,3.347502213,5.316882225,2.305356637,Iris-virginica
6.439339027,2.942378894,5.403503292,1.919833488,Iris-virginica
7.640907715,3.772611253,6.622458738,2.078097519,Iris-virginica
7.76466458,2.448396937,6.842893688,2.243999262,Iris-virginica
5.909941109,2.228878519,4.888606118,1.552384021,Iris-virginica
6.875250803,3.315972819,5.659637867,2.335829963,Iris-virginica
5.783358363,3.001637247,4.879996479,2.132705776,Iris-virginica
7.763983786,2.741067258,6.704839891,1.953255822,Iris-virginica
6.406037474,2.786621137,4.727630558,1.844349488,Iris-virginica
6.61559747,3.203454749,5.600043125,2.038984928,Iris-virginica
7.155762176,3.157428037,6.054665348,1.802385116,Iris-virginica
6.240523355,2.985868242,4.872944385,1.716466089,Iris-virginica
6.149502951,3.06517398,4.896086679,1.927584972,Iris-virginica
6.41493294,2.796216084,5.416749261,2.091032742,Iris-virginica
7.132951337,3.082727462,5.732428419,1.74287575,Iris-virginica
7.31899303,2.86451788,6.011850988,1.861739582,Iris-virginica
8.049026424,3.586941712,6.370286039,2.12653333,Iris-virginica
6.534137649,2.605972648,5.670483646,2.241094583,Iris-virginica
6.235178921,2.57908006,5.097522356,1.456453942,Iris-virginica
6.094135085,2.572236531,5.631161326,1.46534424,Iris-virginica
7.653283186,3.009355147,6.178514225,2.436932254,Iris-virginica
6.198763359,3.385770009,5.437901454,2.335340643,Iris-virginica
6.463439207,3.140225707,5.504940215,1.975046564,Iris-virginica
6.2267407,3.12804164,4.818197033,1.773245195,Iris-virginica
6.921692196,2.991332688,5.289574894,2.067711143,Iris-virginica
6.522130993,3.041315932,5.578849941,2.212318205,Iris-virginica
6.904904426,3.042854878,5.125845446,2.23655103,Iris-virginica
5.941923523,2.796815214,5.11693382,2.042596661,Iris-virginica
6.830042337,3.173831335,5.726101984,2.365224489,Iris-virginica
6.699456713,3.393681984,5.684448402,2.404112796,Iris-virginica
6.678486105,3.09410969,5.23023123,2.420109498,Iris-virginica
6.388571178,2.544372457,4.9251439,1.832421073,Iris-virginica
6.508877431,2.904384342,5.19059253,2.115349296,Iris-virginica
6.243173795,3.47707768,5.341397573,2.3318309,Iris-virginica
6.083343883,3.031810132,5.210040335,1.768978533,Iris-virginica
5.330635464,3.616708561,1.542053059,0.20614538,Iris-setosa
4.70082365,2.992201622,1.185437821,0.346707729,Iris-setosa
4.713504946,3.397725233,1.360059532,0.18565342,Iris-setosa
4.724893323,2.902271647,1.251222074,0.119439168,Iris-setosa
4.849754603,3.523569082,1.173793697,0.23405384,Iris-setosa
5.495038427,3.851097159,1.609611755,0.399153417,Iris-setosa
4.490884807,3.471301013,1.34834832,0.353709539,Iris-setosa
5.091446111,3.292111587,1.795074164,0.054376814,Iris-setosa
4.282000896,2.837954056,1.254178295,0.210823937,Iris-setosa
4.691212302,3.191152182,1.654173126,-0.000826719,Iris-setosa
5.70744253,3.997688712,1.861728002,0.255150703,Iris-setosa
4.833702205,3.475188017,2.004635502,0.061130152,Iris-setosa
4.701419987,3.091565175,1.271624145,0.241556326,Iris-setosa
4.335992134,3.206837787,1.19837787,0.040365864,Iris-setosa
5.801168189,3.95419002,1.428029653,0.445100159,Iris-setosa
5.674360553,4.250594137,1.574893937,0.400963503,Iris-setosa
5.306728952,3.888859185,1.364172276,0.332258704,Iris-setosa
4.964231184,3.469107437,1.493640186,0.275235931,Iris-setosa
5.714092479,3.966360907,1.790889746,0.445420051,Iris-setosa
5.055092357,3.913939567,1.339092873,0.523525304,Iris-setosa
5.221765396,3.544892962,1.962462071,0.261790157,Iris-setosa
5.043811574,3.677821249,1.494384853,0.482141926,Iris-setosa
4.159555292,3.561231336,0.93956935,-0.246674213,Iris-setosa
4.972345346,3.169284556,2.125526253,0.368654182,Iris-setosa
5.145829913,3.708684924,1.963051801,0.102384449,Iris-setosa
4.99546129,3.038238891,1.62944121,0.155071041,Iris-setosa
4.89941432,3.407900771,1.706036521,0.394308481,Iris-setosa
5.316818031,3.609172061,1.393471985,0.080354589,Iris-setosa
5.348217106,3.265663844,1.411186683,-0.017441943,Iris-setosa
4.830369306,3.209082591,1.726441344,-0.020581991,Iris-setosa
4.954836939,3.310898938,1.503446464,0.167710402,Iris-setosa
5.450758408,3.233969163,1.583484961,0.343821282,Iris-setosa
5.169735587,4.144554861,1.45642996,0.136611149,Iris-setosa
5.260342092,4.432906751,1.090003254,0.434254299,Iris-setosa
4.909798246,2.852566591,1.565163754,0.223963494,Iris-setosa
5.237080834,3.292011912,1.255969858,0.055340283,Iris-setosa
5.401301373,3.381678183,1.124721469,0.211508588,Iris-setosa
4.793327785,3.183492777,1.622611284,0.210707411,Iris-setosa
4.709303393,3.127142429,1.17250602,0.300428224,Iris-setosa
4.714017974,3.445271993,1.405231235,0.103774498,Iris-setosa
5.063796144,3.593664447,1.279433413,0.490340178,Iris-setosa
4.470968869,2.075475316,1.37739261,0.322794621,Iris-setosa
4.339017799,3.139269538,1.267004373,0.219394371,Iris-setosa
4.945336659,3.37558562,1.854789815,0.677946339,Iris-setosa
5.260614477,3.868977003,1.928728549,0.385180681,Iris-setosa
4.835427459,3.214347224,1.562102618,0.338768218,Iris-setosa
5.418587769,3.909325387,1.715255931,0.244086433,Iris-setosa
4.451052411,3.366299589,1.370498297,0.042430961,Iris-setosa
5.518794644,3.611497254,1.253675806,0.322830219,Iris-setosa
5.185448687,3.292203987,1.283642576,0.35816565,Iris-setosa
7.143665983,3.320931615,4.802630684,1.288760858,Iris-versicolor
6.282969117,3.266543612,4.407275924,1.361407364,Iris-versicolor
6.849305701,3.010069327,5.036914104,1.426854098,Iris-versicolor
5.480384285,2.374164145,4.024486665,1.085398677,Iris-versicolor
6.50965575,2.933862733,4.698017189,1.261722412,Iris-versicolor
5.681615563,2.780912446,4.606971171,1.382514308,Iris-versicolor
6.304918398,3.15965038,4.67335907,1.609358543,Iris-versicolor
4.801916377,2.444456998,3.315835378,0.901941798,Iris-versicolor
6.419369252,2.732789374,4.692640219,1.191952179,Iris-versicolor
5.22288399,2.922018171,4.225591322,1.429940146,Iris-versicolor
5.002489814,1.757831684,3.565416428,0.935330161,Iris-versicolor
5.847954543,3.146966607,3.995240974,1.469112468,Iris-versicolor
6.146542398,2.224845375,4.028124349,0.95347282,Iris-versicolor
6.19183957,2.861556898,4.782159764,1.510859223,Iris-versicolor
5.5802256,2.678240358,3.672930415,1.494326358,Iris-versicolor
6.74818279,3.167241027,4.325545799,1.398719655,Iris-versicolor
5.601316954,2.937762128,4.627218406,1.598032929,Iris-versicolor
5.664637937,2.595964208,3.89126194,0.942959948,Iris-versicolor
6.165664992,2.3943197,4.437473928,1.520139339,Iris-versicolor
5.558292532,2.440123324,4.091950409,1.084593807,Iris-versicolor
5.968078023,3.324480844,5.001114552,1.77198457,Iris-versicolor
6.058098965,2.769628419,4.134627218,1.47756361,Iris-versicolor
6.495387971,2.658523778,4.887120512,1.446144815,Iris-versicolor
6.282892762,2.777901486,4.694473016,0.895447985,Iris-versicolor
6.142287259,3.123415601,4.331145468,1.177287408,Iris-versicolor
6.474039827,3.093422227,4.531176083,1.550863586,Iris-versicolor
6.765110261,2.681658374,4.713114791,1.460632823,Iris-versicolor
6.555708353,3.13389519,4.844366389,1.824657502,Iris-versicolor
6.025960088,3.105350157,4.473530525,1.488647549,Iris-versicolor
5.890594751,2.339236784,3.412717583,1.159525374,Iris-versicolor
5.392702178,2.154837896,3.739515108,1.072735842,Iris-versicolor
5.465529889,2.677409504,3.774124044,0.703445783,Iris-versicolor
5.750400638,2.818025208,3.811836889,1.344248216,Iris-versicolor
6.110871488,2.815431672,5.058712229,1.522697442,Iris-versicolor
5.333646008,3.089764222,4.395421562,1.444388828,Iris-versicolor
5.948138431,3.49840766,4.488167346,1.539300234,Iris-versicolor
6.485809288,3.121825086,4.575914584,1.555473428,Iris-versicolor
6.216740604,2.040022956,4.295381628,1.378529627,Iris-versicolor
5.447313319,3.164508966,4.254802321,1.327721402,Iris-versicolor
5.601089786,2.332632553,4.219896858,1.185679733,Iris-versicolor
5.452834833,2.778240776,4.401876864,1.730486559,Iris-versicolor
6.140277126,2.786845165,4.658399054,1.529375056,Iris-versicolor
5.956808421,2.652687014,4.296612646,1.193139593,Iris-versicolor
5.212401029,2.291163991,3.157877529,0.981853019,Iris-versicolor
5.428860533,2.88716759,4.185048404,1.442333809,Iris-versicolor
5.586188492,3.214595707,4.259316591,1.333083758,Iris-versicolor
5.762106915,2.813828273,4.148786416,1.253938304,Iris-versicolor
6.146728583,3.112064445,4.218637523,1.188341878,Iris-versicolor
4.746470296,2.462785183,2.715086184,0.983171809,Iris-versicolor
5.702295472,2.561987549,4.20426478,1.394749108,Iris-versicolor
6.37748175,3.281560546,5.799472074,2.20404283,Iris-virginica
5.706797573,2.791131636,5.034900948,1.897041068,Iris-virginica
7.354098478,2.803602354,5.804970501,2.015225016,Iris-virginica
6.351588658,2.880114958,5.4918476,1.919252928,Iris-virginica
6.463233208,2.938030938,5.849153608,2.291992437,Iris-virginica
7.684248512,3.223373997,6.820551337,2.093120974,Iris-virginica
4.687420931,2.468275998,4.671712365,1.424646421,Iris-virginica
7.307187761,3.023961602,6.222971985,1.816372287,Iris-virginica
6.69181966,2.290336076,6.013242215,1.797846863,Iris-virginica
7.180763053,3.424693716,6.236991974,2.377664214,Iris-virginica
6.440249756,3.359897312,5.124452461,1.961541985,Iris-virginica
6.383180072,2.612249031,5.356277668,1.904485276,Iris-virginica
7.0642294,2.936104291,5.494513208,2.359054251,Iris-virginica
5.60914603,2.30214815,5.10575573,2.111147286,Iris-virginica
5.984988135,2.816836614,5.054935453,2.312295511,Iris-virginica
6.463974134,3.135715059,5.261931999,2.442947711,Iris-virginica
6.311420277,3.090952804,5.677957446,2.016741727,Iris-virginica
7.899129421,3.760963324,6.802685008,2.478591466,Iris-virginica
7.737883523,2.550389355,7.127878911,2.204743311,Iris-virginica
5.830723953,2.433328395,4.858845063,1.492438598,Iris-virginica
6.660488949,3.462661594,5.722872391,2.307676133,Iris-virginica
5.787778182,2.8208689,4.998993969,2.029837707,Iris-virginica
7.605288732,2.64866041,6.586626705,1.840254161,Iris-virginica
6.247452345,2.59628777,4.944090157,1.855587315,Iris-virginica
6.437497439,3.327030963,5.869804105,2.106930009,Iris-virginica
7.03424772,3.374359192,5.862747694,1.824477195,Iris-virginica
6.172055662,2.754434704,4.747566136,1.785577825,Iris-virginica
6.269830486,3.032746651,4.920407864,1.770776287,Iris-virginica
6.344325244,2.519776861,5.931870509,2.098761141,Iris-virginica
7.160188613,2.981156098,5.894938274,1.542824861,Iris-virginica
6.955175375,2.923107295,6.116456764,1.939932147,Iris-virginica
7.697055937,3.972487914,6.725702605,2.255754282,Iris-virginica
6.341693387,2.999946936,5.485990539,2.309077975,Iris-virginica
6.483995975,2.610131627,5.213558256,1.586751527,Iris-virginica
5.988245561,2.777150718,5.480213359,1.483486507,Iris-virginica
7.579992526,2.993146725,6.156905406,2.040236068,Iris-virginica
6.387767437,3.7229528,5.568640438,2.289911904,Iris-virginica
6.366326003,2.866217091,5.70349983,1.821964073,Iris-virginica
6.092977859,3.150725309,4.677039046,1.890186897,Iris-virginica
7.08726344,3.225659841,5.547032041,1.948945776,Iris-virginica
6.493749771,3.143614376,5.455768798,2.272506087,Iris-virginica
6.913970289,3.168666134,5.155784908,2.216047242,Iris-virginica
5.91481597,2.720248133,5.110422888,1.789541411,Iris-virginica
6.912879421,2.917393662,5.770669821,2.159237703,Iris-virginica
6.634370046,3.395702382,5.473499429,2.47784107,Iris-virginica
7.069498868,3.084331899,5.210053817,2.120798405,Iris-virginica
6.293879258,2.797663593,5.124256856,1.822054165,Iris-virginica
6.334477324,3.279351148,5.486138335,2.122008162,Iris-virginica
6.297545504,3.339772361,5.560510424,2.283741879,Iris-virginica
5.994585651,3.059720049,5.028956519,1.807180442,Iris-virginica
4.942358498,3.562070398,1.232523214,0.112741454,Iris-setosa
4.94355811,2.846114385,1.253550623,0.058884102,Iris-setosa
4.634108398,3.173558999,1.249266005,0.4283151,Iris-setosa
4.57416648,3.117319989,1.362450536,-0.005365059,Iris-setosa
4.985692386,3.549818005,1.405578078,0.167393094,Iris-setosa
5.539753161,3.91208906,1.693484444,0.155982916,Iris-setosa
4.414983927,3.290122403,1.495443387,0.376166326,Iris-setosa
4.929523907,3.24329864,1.682516061,0.187597193,Iris-setosa
4.39781579,2.739979844,1.256532043,0.148664056,Iris-setosa
4.844350755,3.045858688,1.463433759,0.119036042,Iris-setosa
5.471697545,3.712369665,1.512356097,0.278137274,Iris-setosa
4.882707097,3.578275308,1.518928559,0.293717516,Iris-setosa
4.822472455,2.953949617,1.36480984,0.035086674,Iris-setosa
4.401540395,3.263566978,1.232360877,0.03200897,Iris-setosa
5.782338048,4.174788723,1.33383736,0.223580714,Iris-setosa
5.764852533,4.12938964,1.617052336,0.330405886,Iris-setosa
5.382252731,3.886282314,1.299736092,0.322904733,Iris-setosa
5.255297112,3.280056383,1.655783689,0.36532249,Iris-setosa
5.822404461,3.669937147,1.606585879,0.284784979,Iris-setosa
5.127177549,4.0448361,1.669759005,0.531509648,Iris-setosa
5.335080027,3.620300556,1.558041279,0.025062379,Iris-setosa
5.086985788,3.752249241,1.500468762,0.474130593,Iris-setosa
4.822119033,3.453052086,0.904334282,0.31208775,Iris-setosa
5.254139761,3.419251577,1.78027534,0.595126575,Iris-setosa
4.746444206,3.296277405,1.927262512,0.211886159,Iris-setosa
4.815364998,3.17154458,1.525713887,0.105188295,Iris-setosa
5.114274641,3.429672578,1.687695858,0.344059458,Iris-setosa
5.222095667,3.29320126,1.645212297,0.109546772,Iris-setosa
5.556115698,3.507819547,1.457594445,0.345633598,Iris-setosa
4.87972674,3.184034202,1.503991549,0.406472853,Iris-setosa
4.810927764,3.193943127,1.638506242,0.388766649,Iris-setosa
5.539971548,3.374801121,1.444772195,0.563679388,Iris-setosa
5.217654211,4.080519294,1.602324303,-0.194294524,Iris-setosa
5.593197415,4.349196627,1.323234179,0.249003577,Iris-setosa
4.732538746,3.160863898,1.521692215,0.092415525,Iris-setosa
5.114931823,3.308543469,1.330078488,0.204939475,Iris-setosa
5.438228207,3.395709512,1.205991229,0.178124036,Iris-setosa
4.748545033,3.235194189,1.542313018,0.17475818,Iris-setosa
4.523176449,2.610471858,1.023952167,0.163481768,Iris-setosa
5.215124546,3.513819823,1.489840051,0.205274899,Iris-setosa
4.960390586,3.613737811,1.364038019,0.351240172,Iris-setosa
4.41228929,2.345586404,1.044981595,0.289561953,Iris-setosa
4.670658295,3.109593978,1.331095142,0.110472471,Iris-setosa
4.703568266,3.5363916,1.497952673,0.769437011,Iris-setosa
5.140608909,4.000786156,2.013204643,0.129634488,Iris-setosa
4.868148988,3.200314497,1.437310954,0.27256597,Iris-setosa
5.105329489,3.906332612,1.745696562,0.40743615,Iris-setosa
4.780865477,3.436654833,1.277551995,0.087574305,Iris-setosa
5.337726416,3.67699961,1.422356875,0.067538933,Iris-setosa
5.247595846,3.176215689,1.445572295,0.06712555,Iris-setosa
7.035241296,3.117925384,4.700218385,1.434383215,Iris-versicolor
6.542069178,3.273521446,4.406139207,1.596098852,Iris-versicolor
6.742042123,3.086337668,5.049248285,1.425686302,Iris-versicolor
5.516565579,2.325018665,3.803925599,1.295467276,Iris-versicolor
6.376296693,2.897459506,4.528823053,1.617897461,Iris-versicolor
5.43491759,2.798362489,4.44276584,1.48906843,Iris-versicolor
6.313840623,3.311110805,4.906578508,1.642524156,Iris-versicolor
5.109217971,2.144266391,3.188949247,0.720885742,Iris-versicolor
6.444235317,2.915345209,4.441461227,1.13385646,Iris-versicolor
5.405460916,2.739671476,3.918942732,1.476275011,Iris-versicolor
4.89086241,1.95232164,3.554251789,1.006539066,Iris-versicolor
6.061029918,3.295236413,4.205645913,1.547420864,Iris-versicolor
6.084894281,2.190833346,4.098532429,0.96319938,Iris-versicolor
6.079856994,2.816416995,4.784199908,1.330029991,Iris-versicolor
5.694343936,2.96124957,3.232240458,1.50854236,Iris-versicolor
6.962863212,3.215399579,4.227102735,1.479548287,Iris-versicolor
5.768757703,2.912279473,4.399017901,1.601774776,Iris-versicolor
5.880501215,2.631565457,4.23272519,1.226175384,Iris-versicolor
6.249199906,2.282345283,4.469586477,1.249150393,Iris-versicolor
5.500065154,2.296781247,3.901725002,1.144965879,Iris-versicolor
6.155168892,3.086609813,5.101604273,1.789397485,Iris-versicolor
6.109152936,3.050471654,4.074389593,1.339562447,Iris-versicolor
6.492402896,2.473205153,4.93323724,1.397636752,Iris-versicolor
6.175980103,2.895042309,4.929544024,1.144214872,Iris-versicolor
6.277304108,2.962895914,4.210531802,1.317230236,Iris-versicolor
6.544351634,3.162259185,4.285643079,1.328616698,Iris-versicolor
6.731403634,2.682679131,4.521852186,1.418509901,Iris-versicolor
6.746328051,3.179077808,5.091900459,1.764683716,Iris-versicolor
5.991739305,2.861023295,4.391717645,1.353350941,Iris-versicolor
5.837452289,2.532859865,3.440621337,1.099612086,Iris-versicolor
5.430880039,2.291248546,4.063352351,0.975971989,Iris-versicolor
5.410413517,2.315516596,3.542170461,1.149923119,Iris-versicolor
6.104021891,2.918990632,3.607878849,0.990512855,Iris-versicolor
6.134091304,2.572068117,5.201212525,1.5801808,Iris-versicolor
5.240590871,3.057828705,4.402993919,1.424179111,Iris-versicolor
5.791381102,3.590469587,4.339443368,1.55743304,Iris-versicolor
6.808497267,3.421931397,4.629013214,1.561672839,Iris-versicolor
6.399761524,2.44246757,4.444486406,1.344690859,Iris-versicolor
5.541498272,2.849482761,4.339306214,1.464727061,Iris-versicolor
5.706399374,2.263028726,4.068147904,1.063003287,Iris-versicolor
5.756029643,2.514234472,4.36674939,0.921380209,Iris-versicolor
6.299407954,3.168129588,4.536592846,1.369199768,Iris-versicolor
5.864823977,2.67738705,4.19823381,1.208479781,Iris-versicolor
5.198239626,2.242365342,3.206207132,1.225205538,Iris-versicolor
5.499896344,2.891386978,4.153831657,1.052699031,Iris-versicolor
5.54932525,3.044036693,4.09040579,1.105475111,Iris-versicolor
5.408802158,2.912336854,4.182225463,1.135487596,Iris-versicolor
6.113386545,2.972816865,4.347238026,1.23876394,Iris-versicolor
4.897638675,2.594622715,2.938275551,1.109721563,Iris-versicolor
5.825614077,2.879577599,4.115136364,1.270323932,Iris-versicolor
